{
  "project_info": {
    "project_number": "907844117853",
    "firebase_url": "https://fir-databasekullanimi-ae727.firebaseio.com",
    "project_id": "fir-databasekullanimi-ae727",
    "storage_bucket": "fir-databasekullanimi-ae727.appspot.com"
  },
  "client": [
    {
      "client_info": {
        "mobilesdk_app_id": "1:907844117853:android:686303f51d704d8c",
        "android_client_info": {
          "package_name": "com.ysfyazilim.firebasedatabasekullanimi"
        }
      },
      "oauth_client": [
        {
          "client_id": "907844117853-24sqvglc1ttot8k9s3dsupl2gq4fsuj2.apps.googleusercontent.com",
          "client_type": 1,
          "android_info": {
            "package_name": "com.ysfyazilim.firebasedatabasekullanimi",
            "certificate_hash": "6cd8e8d48e29e3849a6de58a1475dbc2f0fa022e"
          }
        }
      ],
      "api_key": [
        {
          "current_key": "AIzaSyBTgG5_ZGKKelZqnXQ8JBfM6l7_iKuQGeM"
        }
      ],
      "services": {
        "appinvite_service": {
          "other_platform_oauth_client": [
            {
              "client_id": "907844117853-nqamcrsrrqpiq14hg1aej0vntkm5dqgm.apps.googleusercontent.com",
              "client_type": 3
            }
          ]
        }
      }
    }
  ],
  "configuration_version": "1"
}