{
  "project_info": {
    "project_number": "986392902021",
    "firebase_url": "https://fir-cloud-e6e40.firebaseio.com",
    "project_id": "fir-cloud-e6e40",
    "storage_bucket": "fir-cloud-e6e40.appspot.com"
  },
  "client": [
    {
      "client_info": {
        "mobilesdk_app_id": "1:986392902021:android:151dc93fe13cc5f1",
        "android_client_info": {
          "package_name": "ysfyazilim.com"
        }
      },
      "oauth_client": [
        {
          "client_id": "986392902021-urlro162kha6pgud6ks4cebgk6k68b99.apps.googleusercontent.com",
          "client_type": 1,
          "android_info": {
            "package_name": "ysfyazilim.com",
            "certificate_hash": "6cd8e8d48e29e3849a6de58a1475dbc2f0fa022e"
          }
        }
      ],
      "api_key": [
        {
          "current_key": "AIzaSyAbd-0V-3wNO0dtUtIbD74ZvrsV_eZSjjs"
        }
      ],
      "services": {
        "appinvite_service": {
          "other_platform_oauth_client": [
            {
              "client_id": "986392902021-bedg4l1rs31fr2tp6tljl1kqrulvjbhe.apps.googleusercontent.com",
              "client_type": 3
            }
          ]
        }
      }
    }
  ],
  "configuration_version": "1"
}