{
  "project_info": {
    "project_number": "165159731168",
    "firebase_url": "https://loginwithfirebase-edc0c.firebaseio.com",
    "project_id": "loginwithfirebase-edc0c",
    "storage_bucket": "loginwithfirebase-edc0c.appspot.com"
  },
  "client": [
    {
      "client_info": {
        "mobilesdk_app_id": "1:165159731168:android:bf6da713996d850c",
        "android_client_info": {
          "package_name": "ysfyazili.com"
        }
      },
      "oauth_client": [
        {
          "client_id": "165159731168-atp8u515mfn7rlgj7a1felor1sd1edlb.apps.googleusercontent.com",
          "client_type": 1,
          "android_info": {
            "package_name": "ysfyazili.com",
            "certificate_hash": "6cd8e8d48e29e3849a6de58a1475dbc2f0fa022e"
          }
        }
      ],
      "api_key": [
        {
          "current_key": "AIzaSyBBfuXiTLa1_0154-eQY7DvHeAZ7DcaKwY"
        }
      ],
      "services": {
        "appinvite_service": {
          "other_platform_oauth_client": [
            {
              "client_id": "165159731168-gb9adr0l71ulfekrnjhf6rr0b649ok23.apps.googleusercontent.com",
              "client_type": 3
            }
          ]
        }
      }
    }
  ],
  "configuration_version": "1"
}